City_ID,City,Lat,Lng,Max Temp,Humidity,Cloudiness,Wind Speed,Country,Date
0,dunedin,-45.8742,170.5036,12.11,57,89,0.45,NZ,1706983257
1,manicore,-5.8092,-61.3003,30.17,75,86,1.28,BR,1706983257
2,nova sintra,14.8667,-24.7167,21.26,69,60,6.02,CV,1706983257
3,cooma,-36.2333,149.1333,14.31,63,77,0.87,AU,1706982665
4,ribeira grande,38.5167,-28.7,18.22,77,20,8.05,PT,1706983258
5,blackmans bay,-43.0167,147.3167,15.29,86,100,2.24,AU,1706983258
6,port elizabeth,-33.918,25.5701,24.5,95,100,3.09,ZA,1706983258
7,afaahiti,-17.75,-149.2833,27.93,74,81,3.97,PF,1706983258
8,bredasdorp,-34.5322,20.0403,24.16,76,96,5.15,ZA,1706983258
9,grytviken,-54.2811,-36.5092,8.73,93,100,5.23,GS,1706983259
10,iskateley,67.6803,53.1512,-12.77,86,20,6.26,RU,1706983074
11,mount pearl,47.5166,-52.7813,-1.75,87,100,7.72,CA,1706983259
12,hithadhoo,-0.6,73.0833,28.34,77,100,3.03,MV,1706983259
13,remire-montjoly,4.9167,-52.2667,32.02,62,20,5.66,GF,1706983260
14,georgetown,5.4112,100.3354,28.96,87,20,1.03,MY,1706983216
15,vernon,50.2581,-119.2691,4.61,96,100,0.51,CA,1706983247
16,port-aux-francais,-49.35,70.2167,8.02,74,66,4.04,TF,1706983260
17,abepura,-2.6333,140.5833,23.45,100,20,0.51,ID,1706983260
18,tazovsky,67.4667,78.7,-14.43,93,100,2.98,RU,1706983260
19,greymouth,-42.4667,171.2,12.24,82,96,2.26,NZ,1706983261
20,margaret river,-33.95,115.0667,16.77,59,56,6.8,AU,1706983261
21,lorengau,-2.0226,147.2712,27.43,78,57,1.24,PG,1706983261
22,wailua homesteads,22.0669,-159.378,19.86,68,12,3.13,US,1706983262
23,palikir - national government center,6.9248,158.1611,27.42,79,99,6.11,FM,1706982684
24,acarau,-2.8856,-40.12,29.74,65,85,7.96,BR,1706983262
25,dobryanka,58.4619,56.4165,-9.2,92,100,5.1,RU,1706983262
26,yellowknife,62.456,-114.3525,-17.55,96,100,7.2,CA,1706983262
27,necochea,-38.5473,-58.7368,23.52,56,3,9.47,AR,1706983211
28,aasiaat,68.7098,-52.8699,-30.65,97,43,2.39,GL,1706983263
29,anadyr,64.75,177.4833,-19.72,70,0,3.58,RU,1706983263
30,kurumkan,54.3,110.3,-22.15,97,14,0.89,RU,1706983263
31,callao,-12.0667,-77.15,27.16,65,0,6.69,PE,1706983264
32,sitka,57.0531,-135.33,0.94,80,100,3.09,US,1706983264
33,pangoa,-12.1167,-73.0,31.22,48,93,2.23,PE,1706983264
34,thompson,55.7435,-97.8558,-1.91,100,100,4.12,CA,1706983265
35,bethel,41.3712,-73.414,5.01,56,0,6.17,US,1706982821
36,puerto deseado,-47.7503,-65.8938,13.66,48,22,10.51,AR,1706983265
37,nogliki,51.8333,143.1667,-23.14,89,55,3.58,RU,1706983266
38,mandiana,10.6333,-8.6833,33.66,14,0,1.79,GN,1706982985
39,adamstown,-25.066,-130.1015,24.64,75,89,1.65,PN,1706982822
40,ust-nera,64.5667,143.2,-26.54,99,99,1.97,RU,1706983267
41,dayrut,27.556,30.8076,12.74,35,1,3.5,EG,1706983267
42,waitangi,-43.9535,-176.5597,14.34,94,17,0.45,NZ,1706983267
43,ushuaia,-54.8,-68.3,10.81,66,75,5.14,AR,1706983060
44,ulladulla,-35.35,150.4667,17.65,84,87,2.75,AU,1706983268
45,bilibino,68.0546,166.4372,-28.45,78,1,3.25,RU,1706983268
46,alo,7.4178,6.7371,31.94,15,84,2.11,NG,1706983268
47,erenhot,43.6475,111.9767,-19.68,93,23,2.64,CN,1706983269
48,zhob,31.3411,69.4481,4.43,91,100,1.39,PK,1706983269
49,klaksvik,62.2266,-6.589,1.51,80,100,11.74,FO,1706982708
50,mejit,10.2753,170.8646,26.54,78,67,10.22,MH,1706982708
51,nagqu,31.5,92.0,-14.19,29,57,2.13,CN,1706982872
52,longyearbyen,78.2186,15.6401,-11.09,79,0,6.69,SJ,1706983270
53,gadzhiyevo,69.2551,33.3362,-5.68,79,96,13.14,RU,1706983270
54,stanley,54.868,-1.6985,6.95,78,20,7.2,GB,1706983186
55,am timan,11.0297,20.2827,27.94,15,63,2.01,TD,1706982887
56,churapcha,62.0025,132.4325,-40.85,100,79,0.52,RU,1706983271
57,chimbote,-9.0853,-78.5783,26.56,72,86,3.95,PE,1706983271
58,puerto natales,-51.7236,-72.4875,16.25,36,20,11.83,CL,1706983271
59,edinburgh of the seven seas,-37.0676,-12.3116,16.15,72,36,10.0,SH,1706983271
60,invercargill,-46.4,168.35,11.12,78,96,1.79,NZ,1706982612
61,albany,42.6001,-73.9662,2.41,63,52,2.68,US,1706983075
62,sylva,58.0348,56.7635,-8.35,95,100,3.82,RU,1706983272
63,la passe,45.5549,-0.8967,7.13,90,36,3.13,FR,1706983273
64,soio,-6.1349,12.3689,27.62,80,59,4.57,AO,1706982882
65,mirny,62.5353,113.9611,-27.65,68,82,0.89,RU,1706982702
66,gazli,40.1333,63.45,1.87,94,100,3.49,UZ,1706982901
67,klyuchi,52.2667,79.1667,-5.6,89,100,7.01,RU,1706983273
68,sinabang,2.4803,96.3801,25.96,84,100,4.26,ID,1706982687
69,havre,49.5833,0.3333,10.11,100,100,5.14,FR,1706983274
70,minot air force base,48.4209,-101.3391,4.1,93,100,5.66,US,1706983274
71,pariaman,-0.619,100.12,24.03,88,100,1.64,ID,1706983275
72,altai,46.3722,96.2583,-17.22,94,100,1.28,MN,1706982686
73,hilo,19.7297,-155.09,18.47,89,89,3.13,US,1706983208
74,loch garman,52.3342,-6.4575,11.23,100,100,0.89,IE,1706983275
75,olonkinbyen,70.9221,-8.7187,-5.4,68,100,7.3,SJ,1706983276
76,sholinghur,13.1167,79.4167,21.82,87,58,0.33,IN,1706983276
77,susuman,62.7833,148.1667,-25.01,94,100,1.79,RU,1706982821
78,saipan,15.1355,145.701,26.76,69,87,11.33,MP,1706983277
79,tommot,58.9564,126.2925,-35.39,99,78,0.4,RU,1706983277
80,linkou,45.3,130.2833,-27.27,100,10,0.87,CN,1706983277
81,camana,-16.6228,-72.7111,23.55,85,87,2.82,PE,1706983277
82,cristinapolis,-11.4756,-37.7553,32.41,32,83,5.5,BR,1706983278
83,morehead city,34.7229,-76.726,11.13,61,8,3.58,US,1706982882
84,qamdo,31.1667,97.2333,-12.18,29,60,2.25,CN,1706983278
85,kamaishi,39.2667,141.8833,0.03,69,91,2.14,JP,1706983278
86,alajarvi,63.0,23.8167,-2.93,88,32,4.71,FI,1706983279
87,trenggalek,-8.05,111.7167,24.39,93,98,1.37,ID,1706983279
88,muana,-1.5283,-49.2167,30.76,61,91,2.44,BR,1706983280
89,puerto ayora,-0.7393,-90.3518,30.98,79,55,5.02,EC,1706983280
90,tiksi,71.6872,128.8694,-35.98,100,100,2.16,RU,1706983281
91,saint-pierre,-21.3393,55.4781,24.82,73,0,6.17,RE,1706982905
92,hadibu,12.65,54.0333,24.92,76,82,3.24,YE,1706983282
93,lerwick,60.1545,-1.1494,6.0,77,98,13.02,GB,1706983282
94,chernyshevskiy,63.0128,112.4714,-36.64,100,54,1.33,RU,1706983035
95,ustka,54.5805,16.8619,6.47,90,59,11.52,PL,1706983283
96,bardai,11.65,7.2333,22.35,14,6,4.45,NG,1706982881
97,kismayo,-0.3582,42.5454,26.64,85,79,7.76,SO,1706983022
98,rockland,41.1668,-74.0496,6.21,59,18,1.79,US,1706983283
99,darwin,-12.4611,130.8418,27.99,88,100,5.66,AU,1706983284
100,whitehorse,60.7161,-135.0538,-29.57,76,75,2.06,CA,1706983284
101,kerben,40.2951,72.1863,-2.72,67,100,1.67,KG,1706983285
102,hawaiian paradise park,19.5933,-154.9731,18.77,94,98,0.45,US,1706983285
103,kununurra,-15.7667,128.7333,27.99,94,20,4.63,AU,1706983286
104,sechura,-5.5569,-80.8222,29.32,60,87,5.28,PE,1706983287
105,chibougamau,49.9168,-74.3659,-7.21,79,100,4.12,CA,1706983014
106,ouadda,8.0777,22.4007,24.17,19,70,2.73,CF,1706983054
107,amga,60.8953,131.9608,-31.66,100,100,0.45,RU,1706983288
108,canutama,-6.5339,-64.3831,30.04,73,75,0.7,BR,1706982694
109,dudinka,69.4058,86.1778,-14.07,94,100,5.36,RU,1706982695
110,west island,-12.1568,96.8225,27.99,83,40,4.63,CC,1706982823
111,badger,64.8,-147.5333,-38.69,58,100,1.54,US,1706983208
112,semera,11.501,41.201,26.19,51,82,5.63,ET,1706983232
113,arraial do cabo,-22.9661,-42.0278,30.98,74,75,8.75,BR,1706983289
114,glace bay,46.1969,-59.957,-1.06,97,100,7.15,CA,1706983208
115,novodvinsk,64.4165,40.8122,-6.14,98,77,3.27,RU,1706983289
116,heidelberg,-26.5048,28.3592,22.03,52,85,4.94,ZA,1706983290
117,phalodi,27.1333,72.3667,17.94,59,99,2.88,IN,1706983291
118,inari,68.906,27.0288,-3.89,94,100,3.69,FI,1706983292
119,jamestown,42.097,-79.2353,5.01,76,0,1.79,US,1706983033
120,trujillo,-8.116,-79.03,25.98,69,100,3.6,PE,1706983226
121,south lake tahoe,38.9332,-119.9844,0.41,59,95,1.36,US,1706983091
122,praia da vitoria,38.7333,-27.0667,18.2,82,40,4.97,PT,1706982707
123,axim,4.8699,-2.2405,27.93,77,53,3.12,GH,1706983293
124,polyarnyy,69.1989,33.4478,-5.23,78,96,13.22,RU,1706983293
125,mazatlan,23.2167,-106.4167,23.28,60,0,3.13,MX,1706983039
126,sungailiat,-1.85,106.1333,26.23,86,100,4.26,ID,1706983294
127,kingston,17.997,-76.7936,30.69,58,20,3.13,JM,1706983167
128,colonia,50.9333,6.95,11.01,89,75,8.23,DE,1706983281
129,idri,27.5,13.2667,13.0,27,2,3.31,LY,1706983294
130,taquarituba,-23.5331,-49.2444,27.12,54,87,2.85,BR,1706983295
131,old orchard beach,43.5173,-70.3775,2.41,48,38,0.89,US,1706983295
132,taltal,-25.4,-70.4833,22.12,72,13,2.31,CL,1706983267
133,keffi,8.8486,7.8736,30.63,15,31,1.34,NG,1706983296
134,hirara,24.8,125.2833,20.15,100,3,1.03,JP,1706982997
135,pisco,-13.7,-76.2167,25.57,73,75,4.12,PE,1706982843
136,knyaze-volkonskoye,48.4642,135.4567,-21.67,98,49,3.13,RU,1706983297
137,santa ana,33.7456,-117.8678,15.99,66,20,3.09,US,1706982886
138,atafu village,-8.5421,-172.5159,28.93,76,100,8.63,TK,1706983298
139,copiapo,-27.3667,-70.3333,22.83,38,27,5.3,CL,1706983298
140,porto novo,6.4965,2.6036,30.9,52,87,3.31,BJ,1706982867
141,papatowai,-46.5619,169.4708,9.13,71,88,4.11,NZ,1706983299
142,zdunska wola,51.5992,18.9397,8.47,96,100,8.81,PL,1706983148
143,choibalsan,48.0667,114.5,-23.68,88,1,2.05,MN,1706982828
144,shimoda,34.6667,138.95,5.61,81,100,1.88,JP,1706982898
145,prado,-17.3411,-39.2208,28.88,62,88,3.95,BR,1706983300
146,zholymbet,51.7433,71.7122,-6.72,93,97,7.49,KZ,1706983300
147,muynoq,43.7683,59.0214,-0.38,90,49,2.94,UZ,1706983300
148,bamboo flat,11.7,92.7167,25.05,88,10,0.0,IN,1706982829
149,yamada,39.4667,141.95,-1.35,63,86,1.12,JP,1706983288
150,okha,53.5739,142.9478,-22.6,93,29,6.06,RU,1706983301
151,kapa'a,22.0752,-159.319,20.61,54,7,3.13,US,1706983288
152,dawei,14.0833,98.2,21.42,78,4,1.15,MM,1706983302
153,betioky,-23.7167,44.3833,25.07,67,86,1.54,MG,1706983302
154,kiunga,-6.1219,141.2906,23.28,100,100,0.6,PG,1706982890
155,udachny,66.4167,112.4,-31.24,90,87,1.28,RU,1706983303
156,port lincoln,-34.7333,135.8667,19.48,66,0,1.95,AU,1706983156
157,vila velha,-20.3297,-40.2925,30.97,80,75,4.63,BR,1706983243
158,abidjan,5.3094,-4.0197,29.98,74,90,3.6,CI,1706983303
159,bandar abbas,27.1865,56.2808,18.99,42,0,3.09,IR,1706983304
160,selfoss,63.9331,-20.9971,-3.31,66,100,9.98,IS,1706982848
161,esperantinopolis,-4.8667,-44.7083,27.99,85,91,1.06,BR,1706983304
162,isafjordur,66.0755,-23.124,-4.99,90,100,3.45,IS,1706983304
163,dungarpur,23.8333,73.7167,22.45,41,4,1.81,IN,1706983305
164,constantia,44.1833,28.65,3.38,73,48,5.22,RO,1706983305
165,luderitz,-26.6481,15.1594,21.21,83,11,5.47,NA,1706983305
166,lompoc,34.6391,-120.4579,14.32,66,0,1.34,US,1706983305
167,sisimiut,66.9395,-53.6735,-20.21,89,93,3.07,GL,1706982863
168,ingeniero guillermo n. juarez,-23.9,-61.85,43.49,14,7,3.0,AR,1706983305
169,port mathurin,-19.6833,63.4167,26.73,72,20,7.15,MU,1706983306
170,barra de santo antonio,-9.4047,-35.5072,32.6,66,65,4.6,BR,1706982708
171,hermanus,-34.4187,19.2345,25.45,70,88,5.41,ZA,1706983306
172,kavaratti,10.5669,72.642,26.55,69,38,2.23,IN,1706983306
173,wingham,43.8879,-81.3114,-0.96,57,7,1.62,CA,1706983306
174,ilulissat,69.2167,-51.1,-20.99,49,20,0.51,GL,1706983307
175,vila franca do campo,37.7167,-25.4333,18.27,99,19,3.91,PT,1706982863
176,siluko,6.5386,5.1609,30.24,26,87,1.94,NG,1706983307
177,chonchi,-42.6128,-73.8092,20.75,39,51,1.09,CL,1706983307
178,piti village,13.4626,144.6933,25.49,89,40,9.26,GU,1706983307
179,kalengwa,-13.4659,25.0027,20.27,90,97,1.6,ZM,1706983307
180,kayes,14.0,-11.0,34.89,8,4,3.81,ML,1706983307
181,minas de marcona,-15.2119,-75.1103,23.69,61,66,5.25,PE,1706983308
182,agadez,19.75,10.25,15.55,17,45,3.8,NE,1706983206
183,salalah,17.0151,54.0924,25.01,54,0,2.43,OM,1706983033
184,sarmiento,-45.5882,-69.07,18.52,17,9,2.74,AR,1706983309
185,fort irwin,35.2627,-116.6848,10.9,53,1,5.19,US,1706983309
186,pryor,36.3084,-95.3169,15.58,78,20,5.81,US,1706983309
187,alenquer,-1.9417,-54.7383,33.32,49,87,2.0,BR,1706983309
188,port alfred,-33.5906,26.891,22.88,91,47,0.89,ZA,1706982690
189,mcalester,34.9334,-95.7697,15.05,77,75,4.63,US,1706983160
190,bonito,-21.1211,-56.4819,37.95,23,10,3.16,BR,1706983168
191,luganville,-15.5333,167.1667,26.6,86,90,0.6,VU,1706983310
192,ola,59.5833,151.2833,-19.26,79,99,4.64,RU,1706983310
193,iqaluit,63.7506,-68.5145,-25.15,69,20,5.14,CA,1706982982
194,isangel,-19.55,169.2667,26.56,89,100,3.55,VU,1706983310
195,chigorodo,7.6664,-76.6811,29.89,79,40,4.12,CO,1706983310
196,namie,37.4833,141.0,3.17,65,100,2.1,JP,1706983310
197,vredendal,-31.6683,18.5012,23.91,70,80,4.37,ZA,1706983014
198,kogalym,62.2654,74.4791,-17.83,100,79,4.44,RU,1706983311
199,manokwari,-0.8667,134.0833,25.68,81,46,1.63,ID,1706982896
200,andkhoy,36.9529,65.1238,3.33,67,82,4.86,AF,1706983311
201,rio grande,-32.035,-52.0986,33.06,62,3,5.33,BR,1706982980
202,lihue,21.9789,-159.3672,20.2,68,5,8.81,US,1706983311
203,fale old settlement,-9.3852,-171.2468,28.84,78,100,8.73,TK,1706983311
204,vyerkhnyadzvinsk,55.7815,27.9443,3.24,89,100,7.43,BY,1706983311
205,santiago de cao,-7.9589,-79.2392,26.07,69,100,3.6,PE,1706983312
206,lata,40.1629,-8.3327,13.17,72,10,0.29,PT,1706982823
207,san-pedro,4.7485,-6.6363,28.91,74,100,3.27,CI,1706982871
208,poso,-1.3959,120.7524,25.25,88,94,2.3,ID,1706983312
209,coquimbo,-29.9533,-71.3436,21.85,73,40,6.69,CL,1706982844
210,arauco,-37.2463,-73.3175,25.25,32,2,5.95,CL,1706983312
211,tolanaro,-25.0319,46.9987,25.04,83,20,8.23,MG,1706983312
212,lebu,-37.6167,-73.65,17.48,67,3,10.31,CL,1706983313
213,punta arenas,-53.15,-70.9167,12.06,58,75,8.75,CL,1706983193
214,padre bernardo,-15.35,-48.5,29.63,48,100,2.79,BR,1706983313
215,utrik,11.2278,169.8474,26.41,76,28,9.32,MH,1706983313
216,east london,-33.0153,27.9116,22.52,88,20,4.12,ZA,1706982856
217,raghogarh,24.45,77.2,19.92,46,20,1.63,IN,1706983313
218,dryden,49.7833,-92.7503,-2.84,86,0,4.12,CA,1706982990
219,wynyard,-41.0,145.7167,15.0,94,70,1.87,AU,1706983314
220,vorgashor,67.5833,63.95,-18.65,91,100,4.61,RU,1706983314
221,mount gambier,-37.8333,140.7667,13.15,94,2,1.71,AU,1706983314
222,inhambane,-23.865,35.3833,24.81,79,81,3.18,MZ,1706983314
223,katsuura,35.1333,140.3,7.82,87,100,3.89,JP,1706983017
224,carauari,-4.8828,-66.8958,29.86,76,79,1.52,BR,1706983314
225,fort bragg,35.139,-79.006,12.03,46,0,2.24,US,1706983315
226,kourou,5.1552,-52.6478,32.03,66,82,3.58,GF,1706982904
227,qaqortoq,60.7167,-46.0333,-17.35,70,9,3.88,GL,1706983315
228,molo,-0.2479,35.7374,12.9,73,90,1.23,KE,1706983315
229,cananeia,-25.0147,-47.9267,27.35,72,31,2.66,BR,1706983315
230,leribe,-28.8718,28.045,17.11,81,90,1.2,LS,1706983315
231,majene,-3.5403,118.9707,26.61,82,100,3.44,ID,1706983315
232,qui nhon,13.7667,109.2333,21.75,91,54,2.03,VN,1706983316
233,moyynkum,44.2914,72.9469,-7.01,89,76,2.89,KZ,1706983316
234,kulhudhuffushi,6.6221,73.07,27.84,76,55,4.43,MV,1706982885
235,tura,25.5198,90.2201,12.02,34,0,1.74,IN,1706983316
236,broken hill,-31.95,141.4333,27.69,17,99,4.03,AU,1706983255
237,ta`u,-14.2336,-169.5144,27.81,84,100,6.83,AS,1706983316
238,nemuro,43.3236,145.575,-5.11,68,21,7.0,JP,1706983255
239,newman,37.3138,-121.0208,10.72,80,93,0.89,US,1706983316
240,maqat,47.65,53.3167,-2.49,92,31,5.19,KZ,1706983317
241,portland,45.5234,-122.6762,9.6,87,40,1.54,US,1706982844
242,krasnomayskiy,57.6194,34.4099,-1.96,96,100,3.87,RU,1706983317
243,carbonear,47.7332,-53.2148,-1.03,86,99,7.12,CA,1706983317
244,uturoa,-16.7333,-151.4333,27.77,74,93,5.04,PF,1706983317
245,macclenny,30.2822,-82.1221,22.1,43,7,1.79,US,1706983317
246,kodiak,57.79,-152.4072,-4.27,80,100,0.0,US,1706982817
247,akot,21.0964,77.0586,23.57,31,0,2.61,IN,1706983318
248,massawa,15.6097,39.45,24.24,65,52,3.97,ER,1706983318
249,christchurch,-43.5333,172.6333,8.6,86,29,2.06,NZ,1706983000
250,panguipulli,-39.6333,-72.3333,26.87,20,75,2.71,CL,1706983318
251,carutapera,-1.195,-46.02,30.07,62,83,3.31,BR,1706983055
252,hasaki,35.7333,140.8333,5.16,71,100,2.75,JP,1706982836
253,hamilton,39.1834,-84.5333,9.31,65,4,2.68,US,1706983319
254,nilsia,63.2,28.0833,-2.08,90,70,2.69,FI,1706983319
255,nyurba,63.2842,118.3319,-21.8,90,100,3.21,RU,1706983015
256,puerto leguizamo,-0.1934,-74.7819,26.05,93,99,1.06,CO,1706983029
257,mar del plata,-38.0023,-57.5575,26.01,53,0,9.39,AR,1706983105
258,shalya,57.2471,58.7298,-9.7,95,100,3.7,RU,1706983319
259,pontianak,-0.0333,109.3333,24.99,100,100,0.51,ID,1706983058
260,vilyuchinsk,52.9306,158.4028,-18.85,82,71,4.29,RU,1706983320
261,port saint john's,-31.6229,29.5448,24.15,88,96,4.75,ZA,1706983320
262,sal rei,16.1833,-22.9167,27.11,50,79,6.69,CV,1706983320
263,liberal,37.0431,-100.921,11.08,58,0,6.17,US,1706983320
264,pandan,14.0453,124.1694,25.22,83,17,4.73,PH,1706983019
265,sohbatpur,28.5202,68.5434,15.79,59,97,0.52,PK,1706983321
266,alofi,-19.0595,-169.9187,24.94,100,100,1.54,NU,1706983321
267,conceicao do araguaia,-8.2578,-49.2647,28.82,67,91,2.14,BR,1706983321
268,duyun,26.2667,107.5167,2.21,98,100,2.17,CN,1706983321
269,college,64.8569,-147.8028,-38.64,67,100,1.54,US,1706983321
270,avarua,-21.2078,-159.775,25.03,94,75,2.06,CK,1706983321
271,azovo,54.6997,73.0237,-16.14,96,97,2.68,RU,1706983322
272,itaberai,-16.0203,-49.8103,28.11,56,98,2.66,BR,1706983322
273,santana,-0.0583,-51.1817,31.1,70,40,3.09,BR,1706983322
274,igrim,63.1906,64.4162,-24.24,100,36,1.62,RU,1706982875
275,petropavlovsk-kamchatsky,53.0452,158.6483,-19.67,85,0,4.0,RU,1706983323
276,port-vila,-17.7338,168.3219,27.23,86,96,5.23,VU,1706983323
277,sake,-1.5736,29.045,19.31,85,98,0.81,CD,1706983323
278,ooty,11.4,76.7,11.16,85,40,1.2,IN,1706983323
279,kasongo-lunda,-6.4667,16.8167,22.82,91,100,1.19,CD,1706983002
280,simplicio mendes,-7.8539,-41.9103,31.33,46,71,2.55,BR,1706983324
281,howrah,22.5892,88.3103,20.0,77,0,2.06,IN,1706982851
282,batesville,35.7698,-91.641,15.8,71,0,2.06,US,1706983169
283,as sulayyil,20.4607,45.5779,17.14,24,0,6.69,SA,1706983324
284,barakani,-12.1356,44.4317,27.68,77,78,1.09,KM,1706983324
285,dwarka,22.2394,68.9678,23.48,69,0,4.19,IN,1706982974
286,vung tau,10.346,107.0843,25.17,87,45,6.52,VN,1706983325
287,yuzhno-kurilsk,44.0306,145.8556,-4.24,71,92,6.35,RU,1706983325
288,marsa alam,25.0757,34.8918,17.62,64,2,4.99,EG,1706983325
289,kem',64.9555,34.5793,-5.02,95,100,6.92,RU,1706983325
290,zhumysker,49.3333,49.4,-2.31,90,99,5.28,KZ,1706983326
291,northam,51.0333,-4.2167,11.33,99,98,7.13,GB,1706983326
292,oroqen zizhiqi,50.5667,123.7167,-26.24,96,6,1.68,CN,1706983326
293,kahama,-3.8333,32.6,19.54,89,43,1.18,TZ,1706983326
294,lander,42.833,-108.7307,1.66,97,100,2.57,US,1706983326
295,itoman,26.1247,127.6694,23.43,88,75,4.12,JP,1706983327
296,korla,41.7597,86.1469,-6.04,84,13,2.92,CN,1706983229
297,forster,-32.1667,152.5167,18.49,96,14,4.54,AU,1706983327
298,pico truncado,-46.7949,-67.9573,17.94,14,2,2.98,AR,1706983327
299,aoulef,26.9667,1.0833,17.96,22,0,4.98,DZ,1706983327
300,al kharijah,25.4514,30.5464,12.37,31,0,3.49,EG,1706982763
301,levuka,50.1834,-105.4011,1.84,67,8,3.44,CA,1706983328
302,namibe,-15.1961,12.1522,26.16,81,96,2.85,AO,1706982833
303,tadine,-21.55,167.8833,26.37,88,100,8.38,NC,1706982856
304,koungou,-12.7336,45.2042,28.84,79,0,2.06,YT,1706983328
305,bubaque,11.2833,-15.8333,26.17,70,0,6.4,GW,1706983329
306,saint-laurent-du-maroni,5.5039,-54.0289,33.0,51,96,3.1,GF,1706983329
307,chinde,26.8418,88.0763,8.03,65,32,1.71,NP,1706983329
308,ascension,30.2169,-90.9001,15.0,93,100,4.12,US,1706983134
309,kailua-kona,19.6406,-155.9956,21.39,86,8,0.45,US,1706983329
310,labuan bajo,-8.4964,119.8877,25.79,86,100,0.92,ID,1706983330
311,cidreira,-30.1811,-50.2056,26.59,70,0,6.48,BR,1706983330
312,tazacorte,28.629,-17.9293,21.54,68,20,1.03,ES,1706983330
313,camabatela,-8.1881,15.375,19.07,91,100,0.47,AO,1706983331
314,west end,26.6833,-78.9667,22.99,65,9,2.36,BS,1706983331
315,irvine,33.6695,-117.8231,16.36,66,70,0.89,US,1706983199
316,geraldton,-28.7667,114.6,21.23,73,100,11.83,AU,1706983332
317,papao,-17.75,-149.55,28.82,77,82,5.25,PF,1706983332
318,la gi,10.6667,107.7833,23.9,90,27,4.55,VN,1706983332
319,farasan,16.7022,42.1183,25.0,68,58,6.27,SA,1706983041
320,coxim,-18.5067,-54.76,36.61,27,100,3.3,BR,1706983333
321,yemetsk,63.4721,41.7941,-15.76,99,83,2.18,RU,1706982995
322,tafuna,-14.3358,-170.72,28.0,84,100,11.46,AS,1706983333
323,floro,61.5996,5.0328,3.98,65,40,15.43,NO,1706983333
324,sarina,-21.4333,149.2167,23.12,78,6,1.85,AU,1706983333
325,kone,-21.0595,164.8658,25.84,91,98,2.53,NC,1706983334
326,tutong,4.8,114.65,26.05,92,99,2.27,BN,1706983334
327,lagoa,39.05,-27.9833,15.71,88,0,7.72,PT,1706983334
328,batu pahat,1.8548,102.9325,23.94,90,76,2.04,MY,1706983335
329,enewetak,11.3474,162.3373,26.48,84,61,9.92,MH,1706983335
330,pauini,-7.7136,-66.9764,26.52,85,99,0.11,BR,1706983335
331,kill devil hills,36.0307,-75.676,8.0,74,100,5.66,US,1706983210
332,nova xavantina,-14.6667,-52.35,21.81,96,100,1.31,BR,1706983009
333,port moresby,-9.4431,147.1797,24.68,94,20,1.54,PG,1706983325
334,alegrete,-29.7831,-55.7919,34.75,41,0,4.82,BR,1706983336
335,la'ie,21.6477,-157.9253,22.98,56,4,5.36,US,1706983336
336,viedma,-40.8135,-62.9967,21.13,31,2,10.48,AR,1706983005
337,shenkursk,62.1091,42.896,-15.9,100,85,1.78,RU,1706983336
338,codrington,-38.2667,141.9667,14.22,91,46,2.32,AU,1706983337
339,pacocha,-17.5833,-71.3333,25.08,65,0,3.6,PE,1706983337
340,abu jibeha,11.4562,31.2285,24.09,14,38,3.95,SD,1706983337
341,davydovka,51.1578,39.4292,-0.49,96,100,7.15,RU,1706983338
342,ise,34.4833,136.7,5.62,89,100,3.52,JP,1706983338
343,midvagur,62.0511,-7.1939,2.46,80,75,3.6,FO,1706982868
344,nadi,-17.8,177.4167,25.0,88,40,2.57,FJ,1706983162
345,castillos,-34.1667,-53.8333,31.71,37,70,5.23,UY,1706982983
346,leninskoye,41.7589,69.3864,-0.26,83,100,3.48,KZ,1706983340
347,omutinskiy,56.4745,67.6709,-13.78,96,100,4.33,RU,1706982883
348,sorong,-0.8833,131.25,27.09,85,54,5.98,ID,1706983340
349,gaspe,48.8334,-64.4819,-6.88,58,20,4.12,CA,1706983208
350,camocim,-2.9022,-40.8411,29.3,71,79,6.86,BR,1706983341
351,batticaloa,7.7102,81.6924,25.95,80,69,2.5,LK,1706983341
352,pao de acucar,-9.7483,-37.4367,37.9,24,69,5.8,BR,1706983342
353,al ghayzah,16.2079,52.176,25.0,74,0,2.66,YE,1706983342
354,puerto baquerizo moreno,-0.9,-89.6,28.55,84,40,7.72,EC,1706983342
355,nolinsk,57.5596,49.9363,-12.81,99,99,1.86,RU,1706983343
356,ambalangoda,6.2355,80.0538,25.9,83,90,0.3,LK,1706983343
357,severo-yeniseyskiy,60.3725,93.0408,-15.24,97,100,0.89,RU,1706983344
358,nar'yan-mar,67.6713,53.087,-12.72,86,24,6.26,RU,1706983344
359,sabha,27.0377,14.4283,11.53,31,0,0.41,LY,1706983344
360,araguaina,-7.1911,-48.2072,28.09,76,85,2.9,BR,1706983202
361,whangarei,-35.7317,174.3239,12.31,79,4,1.24,NZ,1706983345
362,kuhmo,64.1333,29.5167,-6.2,91,94,2.93,FI,1706983345
363,kambar,27.5868,68.001,14.81,78,99,1.84,PK,1706983345
364,shagamu,6.8432,3.6478,32.88,41,85,2.32,NG,1706983346
365,cidade velha,14.9167,-23.6167,28.26,42,48,7.2,CV,1706982862
366,riachao das neves,-11.7461,-44.91,31.43,39,27,3.24,BR,1706983346
367,ashland,40.8167,-82.2665,4.53,52,4,2.45,US,1706983347
368,vuktyl,63.8567,57.3094,-14.38,76,74,5.36,RU,1706983347
369,jabat,7.75,168.9751,27.18,82,98,10.86,MH,1706983348
370,flying fish cove,-10.4217,105.6791,23.82,94,13,0.0,CX,1706983342
371,kapuskasing,49.4169,-82.4331,0.05,69,20,4.12,CA,1706983348
372,poronaysk,49.2167,143.1167,-22.59,97,9,1.99,RU,1706982905
373,maquoketa,42.0689,-90.6657,2.01,57,4,4.95,US,1706983349
374,yakeshi,49.2833,120.7333,-35.54,100,92,0.92,CN,1706983349
375,aykhal,66.0,111.5,-27.52,65,84,1.62,RU,1706982840
376,shibetsu,43.659,145.132,-6.64,81,44,3.81,JP,1706983350
377,holualoa,19.6228,-155.9522,19.32,87,0,14.92,US,1706983073
378,afua,-0.1567,-50.3867,29.88,65,62,2.53,BR,1706983351
379,jiuquan,39.7432,98.5174,-10.37,94,13,1.73,CN,1706983026
380,cill airne,52.05,-9.5167,11.03,93,100,3.09,IE,1706983351
381,badiyah,22.45,58.8,21.03,76,23,4.78,OM,1706983352
382,mananjary,-21.2167,48.3333,24.37,79,39,2.79,MG,1706983352
383,mukalla,14.5425,49.1242,24.09,79,7,0.74,YE,1706983353
384,hohhot,40.8106,111.6522,-10.84,67,0,3.0,CN,1706983353
385,ascope,-7.7144,-79.1078,24.63,59,86,4.29,PE,1706983354
386,weno,7.4515,151.8468,24.97,100,100,3.6,FM,1706983354
387,santa isabel,-23.3156,-46.2214,26.84,72,100,0.94,BR,1706982904
388,port blair,11.6667,92.75,25.02,88,11,0.0,IN,1706982885
389,kas,36.2018,29.6377,11.96,76,50,1.49,TR,1706983355
390,kolonia town,6.964,158.206,27.45,83,100,7.6,FM,1706983355
391,alt-sanitz,53.8136,13.5879,8.96,80,89,7.73,DE,1706983355
392,talnakh,69.4865,88.3972,-14.33,96,100,4.11,RU,1706983356
393,akjoujt,19.6969,-14.4164,29.28,6,37,5.07,MR,1706982893
394,chicomuselo,15.7667,-92.2667,31.76,29,0,2.59,MX,1706983357
395,karratha,-20.7377,116.8463,27.08,75,44,9.24,AU,1706983357
396,turkmenbasy,40.0222,52.9552,5.43,87,40,4.12,TM,1706983160
397,chamical,-30.36,-66.314,41.15,16,12,4.65,AR,1706983357
398,queenstown,-31.8976,26.8753,23.61,61,77,3.59,ZA,1706983358
399,salaga,8.5508,-0.5188,35.56,11,43,1.75,GH,1706983358
400,san cristobal,7.7669,-72.225,26.1,50,99,1.71,VE,1706983358
401,tarauaca,-8.1614,-70.7656,29.22,75,96,1.26,BR,1706983359
402,san patricio,28.017,-97.5169,21.76,50,34,6.5,US,1706983359
403,labrador city,52.9463,-66.9114,-15.05,51,40,0.0,CA,1706982841
404,mount isa,-20.7333,139.5,23.87,94,100,5.66,AU,1706983340
405,muisne,0.6,-80.0333,27.9,76,84,4.06,EC,1706983359
406,bukama,-9.2,25.85,22.51,93,72,0.46,CD,1706983360
407,sao jose da coroa grande,-8.8978,-35.1478,29.69,61,65,4.54,BR,1706983125
408,lazaro cardenas,17.9583,-102.2,27.13,59,2,3.29,MX,1706983105
409,gryazovets,58.88,40.2525,-9.34,96,100,2.89,RU,1706983360
410,caluula,11.9661,50.7569,25.22,76,54,3.51,SO,1706983360
411,faya-largeau,17.9257,19.1043,18.1,15,3,7.34,TD,1706983008
412,alice springs,-23.7,133.8833,29.56,30,75,4.12,AU,1706983360
413,porto real do colegio,-10.1858,-36.84,34.49,36,66,7.72,BR,1706983361
414,alasehir,38.3508,28.5172,4.47,80,4,0.92,TR,1706983361
415,harrison,30.4091,-89.0436,17.79,74,75,6.17,US,1706983361
416,antalaha,-14.9003,50.2788,24.86,94,100,3.56,MG,1706983361
417,palora,-1.7,-77.9333,23.06,89,99,1.43,EC,1706983361
418,dorchester,33.1002,-80.3831,15.55,48,0,2.24,US,1706983362
419,male,4.1748,73.5089,28.97,84,20,5.66,MV,1706983202
420,labytnangi,66.6572,66.4183,-24.97,100,100,1.39,RU,1706983362
421,aldama,22.9167,-98.0667,33.05,16,3,6.78,MX,1706983362
422,saldanha,-33.0117,17.9442,29.03,81,89,1.04,ZA,1706982880
423,altar,30.7,-111.8167,13.18,53,0,1.42,MX,1706983362
424,nuuk,64.1835,-51.7216,-11.66,56,40,5.66,GL,1706983362
425,abomsa,9.9833,39.9833,21.03,69,71,1.71,ET,1706983363
426,bonthe,7.5264,-12.505,29.17,61,0,5.62,SL,1706982823
427,keflavik,64.0049,-22.5624,-2.05,100,100,10.29,IS,1706983363
428,trinidad,-14.8333,-64.9,26.99,94,75,2.06,BO,1706983363
429,mizdah,31.4451,12.9801,12.18,65,92,5.11,LY,1706983363
430,sitia,35.2,26.0986,13.32,62,18,7.87,GR,1706983083
431,howard springs,-12.497,131.047,27.95,94,98,3.79,AU,1706983245
432,sao joao da barra,-21.6403,-41.0511,33.05,78,79,4.43,BR,1706983364
433,yuanping,38.7153,112.7575,-3.76,53,94,0.94,CN,1706983364
434,crozon,48.2464,-4.4899,10.21,87,100,2.06,FR,1706983364
435,paragominas,-2.9667,-47.4833,27.08,89,91,1.52,BR,1706983262
436,okhotsk,59.3833,143.3,-25.04,76,10,7.57,RU,1706982873
437,gashua,12.871,11.0482,22.89,15,2,5.0,NG,1706983364
438,kilindoni,-7.9139,39.6668,27.98,78,41,4.05,TZ,1706983365
439,belyy yar,53.6039,91.3903,-16.06,100,40,0.0,RU,1706983365
440,khilok,51.3674,110.4676,-22.6,99,8,1.17,RU,1706983365
441,borogontsy,62.6683,131.1683,-42.36,100,60,1.38,RU,1706983365
442,narrabri,-30.3167,149.7833,28.07,67,16,2.68,AU,1706983365
443,rozhyshche,50.9154,25.2691,6.87,86,100,8.91,UA,1706983169
444,haiku-pauwela,20.9219,-156.3051,20.58,75,56,3.58,US,1706983366
445,gulf shores,30.246,-87.7008,19.21,72,0,5.66,US,1706983366
446,ancud,-41.8697,-73.8203,15.65,59,76,4.01,CL,1706983366
447,los lunas,34.8062,-106.7334,9.8,38,34,9.39,US,1706983366
448,prachuap khiri khan,12.2167,99.75,21.55,81,11,1.66,TH,1706983366
449,greensboro,36.0726,-79.792,11.01,53,6,1.79,US,1706983242
450,gorontalo,0.5412,123.0595,23.94,96,74,1.63,ID,1706983367
451,bengkulu,-3.8004,102.2655,24.66,90,100,2.32,ID,1706983009
452,saint-philippe,-21.3585,55.7679,24.77,76,78,4.66,RE,1706983367
453,antananarivo,-18.9137,47.5361,19.98,88,40,4.12,MG,1706983367
454,luwuk,-0.9516,122.7875,25.82,84,99,1.65,ID,1706983367
455,hobyo,5.3505,48.5268,26.12,82,31,6.68,SO,1706982980
456,nanakuli,21.3906,-158.1547,22.97,60,1,8.8,US,1706983367
457,cockburn town,21.4612,-71.1419,23.15,60,0,2.17,TC,1706982827
458,timashevsk,45.6169,38.9453,4.49,76,100,6.79,RU,1706983368
459,siverek,37.755,39.3167,3.3,88,100,2.11,TR,1706983368
460,fortuna,40.5982,-124.1573,10.37,89,0,4.63,US,1706982834
461,tingo maria,-9.2895,-76.0088,28.17,74,75,1.54,PE,1706983368
462,alaghsas,17.0187,8.0168,21.94,13,0,9.26,NE,1706982879
463,rock springs,41.5875,-109.2029,1.14,92,100,11.32,US,1706983143
464,nsanje,-16.92,35.262,26.07,71,83,0.7,MW,1706983368
465,turbat,26.0023,63.044,21.53,56,100,6.12,PK,1706982864
466,miyaly,48.8844,53.7836,-4.47,96,52,5.3,KZ,1706983369
467,kruisfontein,-34.0033,24.7314,23.27,96,86,1.54,ZA,1706982899
468,amursk,50.2261,136.8994,-26.12,100,96,0.92,RU,1706982886
469,moose jaw,50.4001,-105.5344,2.14,93,12,3.6,CA,1706983369
470,st. john's,47.5649,-52.7093,-1.29,86,100,8.94,CA,1706983370
471,quang ngai,15.1167,108.8,20.89,94,3,1.97,VN,1706983013
472,cabo san lucas,22.8909,-109.9124,24.78,42,3,1.34,MX,1706983273
473,motueka,-41.1333,173.0167,9.44,82,7,2.11,NZ,1706983370
474,san antonio,29.4241,-98.4936,20.83,49,100,4.63,US,1706983221
475,marang,5.2056,103.2059,24.96,84,52,1.51,MY,1706983370
476,mana,5.6592,-53.7767,29.49,67,90,4.24,GF,1706983370
477,mata-utu,-13.2816,-176.1745,27.84,84,100,7.98,WF,1706983370
478,naze,28.3667,129.4833,18.51,87,34,4.55,JP,1706983074
479,suva,-18.1416,178.4415,24.71,94,98,2.06,FJ,1706983371
480,kerikeri,-35.2268,173.9474,11.06,89,2,1.71,NZ,1706983371
481,piacabucu,-10.4056,-36.4344,29.61,60,72,4.45,BR,1706983000
482,tindouf,27.6711,-8.1474,21.25,8,0,7.2,DZ,1706983371
483,concepcion del bermejo,-26.5993,-60.9462,44.87,12,1,2.5,AR,1706983371
484,odda,60.0691,6.5457,2.48,98,100,12.74,NO,1706983372
485,santa rosalia,27.3167,-112.2833,16.4,45,0,1.71,MX,1706983372
486,carnarvon,-24.8667,113.6333,23.39,81,2,10.6,AU,1706983363
487,brisas de zicatela,15.8369,-97.0419,29.57,59,2,6.88,MX,1706983372
488,greater sudbury,46.49,-80.99,1.14,66,16,1.79,CA,1706983372
489,chabahar,25.2919,60.643,22.71,60,93,9.64,IR,1706983372
490,ujae,8.9322,165.7642,27.24,82,92,10.02,MH,1706983372
491,miranda,3.2499,-76.2281,26.07,70,98,1.63,CO,1706983373
492,mili,6.0815,171.735,27.5,80,77,9.99,MH,1706983373
493,nakasongola,1.3089,32.4564,24.94,37,72,1.98,UG,1706983373
494,bikenibeu village,1.3673,173.1241,28.98,89,75,4.12,KI,1706983373
495,salym,60.0625,71.4789,-18.69,100,93,1.3,RU,1706983373
496,lauro de freitas,-12.8944,-38.3272,30.01,70,75,4.12,BR,1706983373
497,holma,9.9008,13.0567,25.88,15,26,2.14,NG,1706983374
498,port hueneme,34.1478,-119.1951,15.51,71,40,2.57,US,1706983374
499,palembang,-2.9167,104.7458,23.05,100,75,2.57,ID,1706983374
500,durban,-29.8579,31.0292,25.51,87,58,5.29,ZA,1706983206
501,koster,-25.863,26.8976,21.53,38,84,3.02,ZA,1706983010
502,shingu,33.7333,135.9833,6.89,95,100,1.96,JP,1706983206
503,kirakira,-10.4544,161.9205,26.99,82,98,4.24,SB,1706983375
504,yangshuo,24.7808,110.4897,5.34,94,100,2.22,CN,1706983375
505,az zulfi,26.2995,44.8154,13.05,29,52,5.06,SA,1706983375
506,vega de alatorre,20.0333,-96.6333,26.41,61,0,1.84,MX,1706982898
507,bentota,6.4254,79.9948,26.07,82,88,0.56,LK,1706983238
508,el granada,37.5027,-122.4694,11.57,90,100,1.54,US,1706983375
509,ubari,26.5921,12.7805,12.08,29,0,2.96,LY,1706983253
510,soe,-9.8607,124.284,19.65,92,87,1.75,ID,1706983376
511,ilhabela,-23.7781,-45.3581,25.94,80,100,1.6,BR,1706983376
512,pizarro,4.9533,-77.366,28.04,72,96,2.18,CO,1706983376
513,argo,37.6333,22.7333,7.1,67,4,0.81,GR,1706983376
514,homer,59.6425,-151.5483,-11.07,75,100,8.05,US,1706983039
515,kupang,-10.1667,123.5833,26.32,100,95,1.54,ID,1706983017
516,demmin,53.9076,13.0314,8.21,80,91,7.82,DE,1706983377
517,rundu,-17.9333,19.7667,22.19,70,94,1.83,NA,1706983377
518,guilin,25.2819,110.2864,3.06,90,100,3.13,CN,1706983377
519,lethem,3.3803,-59.7968,39.45,20,35,3.03,GY,1706983004
520,nuku'alofa,-21.1333,-175.2,26.19,94,75,2.06,TO,1706983378
521,trincomalee,8.5711,81.2335,26.55,82,23,4.67,LK,1706983378
522,tosontsengel,48.7567,98.2839,-18.44,92,100,0.67,MN,1706983378
523,sosnovo-ozerskoye,52.5249,111.5418,-31.99,100,47,1.39,RU,1706983378
524,razlog,41.8863,23.4671,0.67,92,59,1.69,BG,1706983378
525,pacific grove,36.6177,-121.9166,11.35,83,75,2.68,US,1706983146
526,shahabad,27.65,79.95,16.31,39,91,3.6,IN,1706983379
527,new norfolk,-42.7826,147.0587,15.95,93,100,0.69,AU,1706983379
528,seabra,-12.4186,-41.7703,28.66,36,49,4.26,BR,1706983379
529,mariinsk,56.2139,87.7472,-9.95,93,98,2.21,RU,1706983379
530,gaigeturi,33.4644,126.3183,10.03,87,100,7.2,KR,1706983312
531,martil,35.6166,-5.2752,16.98,67,75,7.2,MA,1706983380
532,soto la marina,23.7667,-98.2167,31.89,22,0,3.47,MX,1706983380
533,brejo,-3.6844,-42.7503,31.89,49,68,0.68,BR,1706983380
534,valley city,46.9233,-98.0032,0.29,100,100,5.14,US,1706983274
535,tekkali,18.6167,84.2333,22.01,89,32,0.32,IN,1706983244
536,bodo,67.28,14.405,0.02,69,40,9.77,NO,1706983381
537,el nido,11.1858,119.3956,26.63,81,15,5.6,PH,1706983381
538,kharkhorin,47.1975,102.8238,-19.32,89,100,1.66,MN,1706983381
539,chandler,33.3062,-111.8412,14.91,60,0,2.06,US,1706983346
540,kuta,-8.7233,115.1723,27.97,83,40,5.36,ID,1706983381
541,show low,34.2542,-110.0298,2.16,80,75,6.69,US,1706983382
542,belmonte,-15.8631,-38.8828,28.79,64,82,3.41,BR,1706983382
543,gebeit,21.0667,36.3167,14.85,52,4,2.85,SD,1706983383
544,pachino,36.7186,15.0907,12.25,66,2,3.02,IT,1706983383
545,san andres,12.5847,-81.7006,29.01,65,20,4.12,CO,1706983383
546,esquel,-42.9,-71.3167,20.3,25,49,1.83,AR,1706983383
547,bo phloi,14.3236,99.5161,25.53,71,22,1.6,TH,1706983384
548,al burayqah,30.4062,19.5739,15.89,70,23,4.93,LY,1706983010
549,roma,43.2128,-75.4557,3.18,65,0,3.6,US,1706983385
550,fauske,67.2588,15.3918,0.02,84,80,3.72,NO,1706982850
551,harstad,68.799,16.5293,-1.58,94,100,4.47,NO,1706983385
552,zouerate,22.7187,-12.4521,23.79,10,41,4.9,MR,1706983027
553,harar,9.3094,42.1258,17.47,74,25,5.28,ET,1706983385
554,hanover,52.3705,9.7332,11.07,93,75,7.2,DE,1706983139
555,clermont,49.5,2.4167,9.8,91,100,4.7,FR,1706983230
556,siwa oasis,29.2041,25.5195,13.37,45,0,2.43,EG,1706983386
557,limassol,34.675,33.0333,13.04,71,20,2.06,CY,1706983386
558,pangody,65.85,74.4859,-17.41,97,97,2.44,RU,1706983386
559,ha'il,27.5219,41.6907,12.01,32,0,3.09,SA,1706983387
560,sihanoukville,10.6093,103.5296,24.97,94,20,1.54,KH,1706983387
